[{"model": "diseases.composition", "pk": 1, "fields": {"compound_name": "Vitamin"}}, {"model": "diseases.composition", "pk": 2, "fields": {"compound_name": "Fiber"}}, {"model": "diseases.composition", "pk": 3, "fields": {"compound_name": "Mineral"}}, {"model": "diseases.composition", "pk": 4, "fields": {"compound_name": "Carbohydrate"}}, {"model": "diseases.composition", "pk": 5, "fields": {"compound_name": "Water"}}, {"model": "diseases.fruit", "pk": 1, "fields": {"name": "Blueberry", "scientific_name": "Vaccinium sect. Cyanococcus", "energy": "87.80"}}, {"model": "diseases.fruit", "pk": 2, "fields": {"name": "Kiwi", "scientific_name": "Actinidia", "energy": "85.90"}}, {"model": "diseases.fruit", "pk": 3, "fields": {"name": "Strawberry", "scientific_name": "Fragaria × ananassa", "energy": "85.00"}}, {"model": "diseases.fruit", "pk": 4, "fields": {"name": "Pineaple", "scientific_name": "AnanasComosus", "energy": "85.00"}}, {"model": "diseases.fruit", "pk": 5, "fields": {"name": "Aple", "scientific_name": "Malus", "energy": "86.00"}}, {"model": "diseases.fruit", "pk": 6, "fields": {"name": "Melon", "scientific_name": "Cucumis Melo", "energy": "85.00"}}, {"model": "diseases.fruit", "pk": 7, "fields": {"name": "Avocado", "scientific_name": "Persea Americana", "energy": "85.00"}}, {"model": "diseases.fruit", "pk": 8, "fields": {"name": "Cherries", "scientific_name": "Prunus Avium", "energy": "85.00"}}, {"model": "diseases.fruit", "pk": 9, "fields": {"name": "Guava", "scientific_name": "Psidium Guajava", "energy": "85.00"}}, {"model": "diseases.fruit", "pk": 10, "fields": {"name": "Lemon", "scientific_name": "Citrus Limon", "energy": "85.00"}}, {"model": "diseases.fruit", "pk": 11, "fields": {"name": "Orange", "scientific_name": "Citrus Sinensis", "energy": "85.00"}}, {"model": "diseases.fruit", "pk": 12, "fields": {"name": "Banana", "scientific_name": "Musa", "energy": "85.00"}}, {"model": "diseases.fruit", "pk": 13, "fields": {"name": "Pear", "scientific_name": "Pyrus", "energy": "85.00"}}, {"model": "diseases.fruit", "pk": 14, "fields": {"name": "Peach", "scientific_name": "Prunus Persica", "energy": "85.00"}}, {"model": "diseases.fruit", "pk": 15, "fields": {"name": "Mangoe", "scientific_name": "Mangifera Indica", "energy": "85.00"}}, {"model": "diseases.fruit", "pk": 16, "fields": {"name": "Raspberry", "scientific_name": "Rubus idaeus", "energy": "0.00"}}, {"model": "diseases.fruit", "pk": 17, "fields": {"name": "Dragon fruit", "scientific_name": "Cereus enneacanthus", "energy": "0.00"}}, {"model": "diseases.element", "pk": 1, "fields": {"name": "Fiber", "composition": 2, "um": "g"}}, {"model": "diseases.element", "pk": 2, "fields": {"name": "Iodine", "composition": 3, "um": "µg"}}, {"model": "diseases.element", "pk": 3, "fields": {"name": "Vitamin_B6", "composition": 1, "um": "mg"}}, {"model": "diseases.element", "pk": 4, "fields": {"name": "Calcium", "composition": 3, "um": "mg"}}, {"model": "diseases.element", "pk": 5, "fields": {"name": "Vitamin_C", "composition": 1, "um": "mg"}}, {"model": "diseases.element", "pk": 6, "fields": {"name": "Iron", "composition": 3, "um": "mg"}}, {"model": "diseases.element", "pk": 7, "fields": {"name": "Sugar", "composition": 4, "um": "g"}}, {"model": "diseases.element", "pk": 8, "fields": {"name": "Vitamins_B", "composition": 1, "um": "mg"}}, {"model": "diseases.element", "pk": 9, "fields": {"name": "Vitamin_D", "composition": 1, "um": "µg"}}, {"model": "diseases.element", "pk": 10, "fields": {"name": "Water", "composition": 5, "um": "g"}}, {"model": "diseases.element", "pk": 11, "fields": {"name": "Zinc", "composition": 3, "um": "mg"}}, {"model": "diseases.element", "pk": 12, "fields": {"name": "Vitamin_B12", "composition": 1, "um": "µg"}}, {"model": "diseases.element", "pk": 13, "fields": {"name": "Vitamin_A", "composition": 1, "um": "µg"}}, {"model": "diseases.element", "pk": 14, "fields": {"name": "Sodium", "composition": 3, "um": "mg"}}, {"model": "diseases.element", "pk": 15, "fields": {"name": "Phosphorus", "composition": 3, "um": "mg"}}, {"model": "diseases.diseasef", "pk": 1, "fields": {"name": "Diabetes", "descrip": "A metabolic disorder in which the body has high sugar levels for prolonged periods of time."}}, {"model": "diseases.diseasef", "pk": 2, "fields": {"name": "Fibromyalgia", "descrip": "A disorder that affects muscle and soft tissue. This condition can be hard to understand, even for healthcare professionals. Its symptoms mimic those of other conditions, and there are no tests to definitively confirm a diagnosis. As a result, fibromyalgia is often misdiagnosed."}}, {"model": "diseases.diseasef", "pk": 3, "fields": {"name": "Hypothyroidism", "descrip": "A condition resulting from decreased production of thyroid hormones."}}, {"model": "diseases.diseasef", "pk": 4, "fields": {"name": "Stomach disease", "descrip": "A stomach disease is any disorder of this organ information."}}, {"model": "diseases.diseasef", "pk": 5, "fields": {"name": "Osteoporosis", "descrip": "A condition when bone strength weakens and is susceptible to fracture."}}, {"model": "diseases.diseasef", "pk": 6, "fields": {"name": "Hyperthyroidism", "descrip": "Over production of hormones by the thyroid gland located at the front of neck"}}, {"model": "diseases.diseasef", "pk": 7, "fields": {"name": "Bronchitis", "descrip": "Inflammation of the bronchial tubes, the airways that carry air to your lungs."}}, {"model": "diseases.diseasef", "pk": 8, "fields": {"name": "Pneumonia", "descrip": "An infection of the air sacs in one or both the lungs."}}, {"model": "diseases.diseasef", "pk": 9, "fields": {"name": "Peripheral neuropathy", "descrip": "A disease affecting peripheral nerves."}}, {"model": "diseases.diseasef", "pk": 11, "fields": {"name": "Osteoarthritis (OA)", "descrip": "Is the most common chronic joint condition. OA is also called wear-and-tear arthritis, degenerative arthritis, and degenerative joint disease.\r\nA joint is where two bones come together. Cartilage is the protective tissue that covers the ends of the bones. With OA, this cartilage breaks down, causing the bones within the joint to rub together. This can cause pain, stiffness, and other symptoms."}}, {"model": "diseases.diseasef", "pk": 12, "fields": {"name": "Crohn’s disease", "descrip": "Is a type of inflammatory bowel disease (IBD). Crohn’s disease most commonly occurs in the small intestine and the colon. It can affect any part of your gastrointestinal (GI) tract, from the mouth to the anus. It can involve some parts of the GI tract and skip other parts."}}, {"model": "diseases.diseasef", "pk": 13, "fields": {"name": "Psoriasis", "descrip": "Is a chronic autoimmune condition that causes the rapid buildup of skin cells. This buildup of cells causes scaling on the skin’s surface. Psoriasis is the result of a sped-up skin production process. Typically, skin cells grow deep in the skin and slowly rise to the surface. Eventually, they fall off. The typical life cycle of a skin cell is one month."}}, {"model": "diseases.diseasef", "pk": 14, "fields": {"name": "Hypertension", "descrip": "High blood pressure, or hypertension, occurs when the force of blood pushing through your vessels is consistently too high. \r\nNarrow blood vessels, also known as arteries, create more resistance for blood flow. The narrower your arteries are, the more resistance there is, and the higher your blood pressure will be. Over the long term, the increased pressure can cause health issues, including heart disease."}}, {"model": "diseases.diseasef", "pk": 15, "fields": {"name": "Sinusitis", "descrip": "Acute sinusitis, also called acute rhinosinusitis, is a short-term inflammation of the membranes that line your nose and surrounding sinuses. This impedes your ability to drain mucus from your nose and sinuses. Acute sinusitis is most commonly due to a cold-causing viral infection. However, it can be due to non-infectious causes as well."}}, {"model": "diseases.diseasef", "pk": 16, "fields": {"name": "Heart disease", "descrip": "Heart disease encompasses a wide range of cardiovascular problems. Several diseases and conditions fall under the umbrella of heart disease.\r\nWhile heart disease can be deadly, it’s also preventable in most people. By adopting healthy lifestyle habits early, you can potentially live longer with a healthier heart."}}, {"model": "diseases.diseasef", "pk": 17, "fields": {"name": "Cardiomyopathy", "descrip": "Cardiomyopathy is a disease that causes the muscles of the heart to grow larger and turn rigid, thick, or weak."}}, {"model": "diseases.diseasef", "pk": 18, "fields": {"name": "Depression", "descrip": "Depression is classified as a mood disorder. It may be described as feelings of sadness, loss, or anger that interfere with a person’s everyday activities."}}, {"model": "diseases.disease_element", "pk": 1, "fields": {"disease": 1, "element": 8}}, {"model": "diseases.disease_element", "pk": 2, "fields": {"disease": 2, "element": 1}}, {"model": "diseases.disease_element", "pk": 3, "fields": {"disease": 3, "element": 2}}, {"model": "diseases.disease_element", "pk": 4, "fields": {"disease": 4, "element": 3}}, {"model": "diseases.disease_element", "pk": 5, "fields": {"disease": 5, "element": 4}}, {"model": "diseases.disease_element", "pk": 7, "fields": {"disease": 7, "element": 5}}, {"model": "diseases.disease_element", "pk": 8, "fields": {"disease": 8, "element": 5}}, {"model": "diseases.disease_element", "pk": 9, "fields": {"disease": 9, "element": 3}}, {"model": "diseases.disease_element", "pk": 10, "fields": {"disease": 1, "element": 9}}, {"model": "diseases.disease_element", "pk": 11, "fields": {"disease": 11, "element": 9}}, {"model": "diseases.disease_element", "pk": 12, "fields": {"disease": 1, "element": 1}}, {"model": "diseases.disease_element", "pk": 14, "fields": {"disease": 12, "element": 8}}, {"model": "diseases.disease_element", "pk": 15, "fields": {"disease": 13, "element": 9}}, {"model": "diseases.disease_element", "pk": 16, "fields": {"disease": 14, "element": 9}}, {"model": "diseases.disease_element", "pk": 17, "fields": {"disease": 15, "element": 10}}, {"model": "diseases.disease_element", "pk": 18, "fields": {"disease": 15, "element": 5}}, {"model": "diseases.disease_element", "pk": 19, "fields": {"disease": 13, "element": 5}}, {"model": "diseases.disease_element", "pk": 20, "fields": {"disease": 12, "element": 5}}, {"model": "diseases.disease_element", "pk": 21, "fields": {"disease": 16, "element": 3}}, {"model": "diseases.disease_element", "pk": 22, "fields": {"disease": 16, "element": 8}}, {"model": "diseases.disease_element", "pk": 23, "fields": {"disease": 16, "element": 5}}, {"model": "diseases.disease_element", "pk": 24, "fields": {"disease": 16, "element": 9}}, {"model": "diseases.disease_element", "pk": 25, "fields": {"disease": 16, "element": 6}}, {"model": "diseases.disease_element", "pk": 26, "fields": {"disease": 16, "element": 11}}, {"model": "diseases.disease_element", "pk": 27, "fields": {"disease": 18, "element": 3}}, {"model": "diseases.disease_element", "pk": 28, "fields": {"disease": 18, "element": 12}}, {"model": "diseases.disease_element", "pk": 29, "fields": {"disease": 17, "element": 3}}, {"model": "diseases.disease_element", "pk": 30, "fields": {"disease": 17, "element": 8}}, {"model": "diseases.disease_element", "pk": 31, "fields": {"disease": 17, "element": 5}}, {"model": "diseases.disease_element", "pk": 32, "fields": {"disease": 17, "element": 9}}, {"model": "diseases.disease_element", "pk": 33, "fields": {"disease": 17, "element": 6}}, {"model": "diseases.disease_element", "pk": 34, "fields": {"disease": 17, "element": 11}}, {"model": "diseases.disease_element", "pk": 35, "fields": {"disease": 5, "element": 15}}, {"model": "diseases.disease_element", "pk": 36, "fields": {"disease": 4, "element": 13}}, {"model": "diseases.disease_element", "pk": 37, "fields": {"disease": 11, "element": 13}}, {"model": "diseases.disease_element", "pk": 38, "fields": {"disease": 13, "element": 13}}, {"model": "diseases.fruit_element", "pk": 50, "fields": {"fruit": 1, "element": 7, "amount": 6.1, "amountg": 6.1}}, {"model": "diseases.fruit_element", "pk": 51, "fields": {"fruit": 1, "element": 1, "amount": 4.9, "amountg": 4.9}}, {"model": "diseases.fruit_element", "pk": 52, "fields": {"fruit": 1, "element": 4, "amount": 10.0, "amountg": 0.01}}, {"model": "diseases.fruit_element", "pk": 53, "fields": {"fruit": 1, "element": 2, "amount": 1.0, "amountg": 1e-06}}, {"model": "diseases.fruit_element", "pk": 54, "fields": {"fruit": 1, "element": 6, "amount": 0.7, "amountg": 0.0007}}, {"model": "diseases.fruit_element", "pk": 55, "fields": {"fruit": 1, "element": 3, "amount": 0.06, "amountg": 6e-05}}, {"model": "diseases.fruit_element", "pk": 56, "fields": {"fruit": 1, "element": 5, "amount": 22.0, "amountg": 0.022}}, {"model": "diseases.fruit_element", "pk": 57, "fields": {"fruit": 2, "element": 7, "amount": 10.6, "amountg": 10.6}}, {"model": "diseases.fruit_element", "pk": 58, "fields": {"fruit": 2, "element": 1, "amount": 1.9, "amountg": 1.9}}, {"model": "diseases.fruit_element", "pk": 59, "fields": {"fruit": 2, "element": 4, "amount": 25.0, "amountg": 0.025}}, {"model": "diseases.fruit_element", "pk": 60, "fields": {"fruit": 2, "element": 2, "amount": 0.0, "amountg": 0.0}}, {"model": "diseases.fruit_element", "pk": 61, "fields": {"fruit": 2, "element": 6, "amount": 0.4, "amountg": 0.0004}}, {"model": "diseases.fruit_element", "pk": 62, "fields": {"fruit": 2, "element": 3, "amount": 0.15, "amountg": 0.00015}}, {"model": "diseases.fruit_element", "pk": 63, "fields": {"fruit": 2, "element": 5, "amount": 59.0, "amountg": 0.059000000000000004}}, {"model": "diseases.fruit_element", "pk": 64, "fields": {"fruit": 3, "element": 7, "amount": 7.0, "amountg": 7.0}}, {"model": "diseases.fruit_element", "pk": 65, "fields": {"fruit": 3, "element": 1, "amount": 2.2, "amountg": 2.2}}, {"model": "diseases.fruit_element", "pk": 66, "fields": {"fruit": 3, "element": 4, "amount": 25.0, "amountg": 0.025}}, {"model": "diseases.fruit_element", "pk": 67, "fields": {"fruit": 3, "element": 2, "amount": 8.0, "amountg": 8e-06}}, {"model": "diseases.fruit_element", "pk": 68, "fields": {"fruit": 3, "element": 6, "amount": 0.8, "amountg": 0.0008}}, {"model": "diseases.fruit_element", "pk": 69, "fields": {"fruit": 3, "element": 3, "amount": 0.06, "amountg": 6e-05}}, {"model": "diseases.fruit_element", "pk": 70, "fields": {"fruit": 3, "element": 5, "amount": 60.0, "amountg": 0.06}}, {"model": "diseases.fruit_element", "pk": 71, "fields": {"fruit": 4, "element": 7, "amount": 11.5, "amountg": 11.5}}, {"model": "diseases.fruit_element", "pk": 72, "fields": {"fruit": 4, "element": 1, "amount": 1.2, "amountg": 1.2}}, {"model": "diseases.fruit_element", "pk": 73, "fields": {"fruit": 4, "element": 4, "amount": 12.0, "amountg": 0.012}}, {"model": "diseases.fruit_element", "pk": 74, "fields": {"fruit": 4, "element": 2, "amount": 30.0, "amountg": 2.9999999999999997e-05}}, {"model": "diseases.fruit_element", "pk": 75, "fields": {"fruit": 4, "element": 6, "amount": 0.5, "amountg": 0.0005}}, {"model": "diseases.fruit_element", "pk": 76, "fields": {"fruit": 4, "element": 3, "amount": 0.09, "amountg": 8.999999999999999e-05}}, {"model": "diseases.fruit_element", "pk": 77, "fields": {"fruit": 4, "element": 5, "amount": 20.0, "amountg": 0.02}}, {"model": "diseases.fruit_element", "pk": 78, "fields": {"fruit": 5, "element": 7, "amount": 11.4, "amountg": 11.4}}, {"model": "diseases.fruit_element", "pk": 79, "fields": {"fruit": 5, "element": 1, "amount": 2.0, "amountg": 2.0}}, {"model": "diseases.fruit_element", "pk": 80, "fields": {"fruit": 5, "element": 4, "amount": 6.0, "amountg": 0.006}}, {"model": "diseases.fruit_element", "pk": 81, "fields": {"fruit": 5, "element": 2, "amount": 2.0, "amountg": 2e-06}}, {"model": "diseases.fruit_element", "pk": 82, "fields": {"fruit": 5, "element": 6, "amount": 0.4, "amountg": 0.0004}}, {"model": "diseases.fruit_element", "pk": 83, "fields": {"fruit": 5, "element": 3, "amount": 0.03, "amountg": 3e-05}}, {"model": "diseases.fruit_element", "pk": 84, "fields": {"fruit": 5, "element": 5, "amount": 10.0, "amountg": 0.01}}, {"model": "diseases.fruit_element", "pk": 85, "fields": {"fruit": 6, "element": 7, "amount": 6.0, "amountg": 6.0}}, {"model": "diseases.fruit_element", "pk": 86, "fields": {"fruit": 6, "element": 1, "amount": 1.0, "amountg": 1.0}}, {"model": "diseases.fruit_element", "pk": 87, "fields": {"fruit": 6, "element": 4, "amount": 14.0, "amountg": 0.014}}, {"model": "diseases.fruit_element", "pk": 88, "fields": {"fruit": 6, "element": 2, "amount": 0.0, "amountg": 0.0}}, {"model": "diseases.fruit_element", "pk": 89, "fields": {"fruit": 6, "element": 6, "amount": 0.4, "amountg": 0.0004}}, {"model": "diseases.fruit_element", "pk": 90, "fields": {"fruit": 6, "element": 3, "amount": 0.07, "amountg": 7.000000000000001e-05}}, {"model": "diseases.fruit_element", "pk": 91, "fields": {"fruit": 6, "element": 5, "amount": 25.0, "amountg": 0.025}}, {"model": "diseases.fruit_element", "pk": 92, "fields": {"fruit": 17, "element": 1, "amount": 0.82, "amountg": 0.82}}, {"model": "diseases.fruit_element", "pk": 93, "fields": {"fruit": 7, "element": 10, "amount": 78.8, "amountg": 78.8}}, {"model": "diseases.fruit_element", "pk": 94, "fields": {"fruit": 7, "element": 7, "amount": 0.9, "amountg": 0.9}}, {"model": "diseases.fruit_element", "pk": 95, "fields": {"fruit": 7, "element": 1, "amount": 1.8, "amountg": 1.8}}, {"model": "diseases.fruit_element", "pk": 96, "fields": {"fruit": 7, "element": 4, "amount": 16.0, "amountg": 0.016}}, {"model": "diseases.fruit_element", "pk": 97, "fields": {"fruit": 7, "element": 6, "amount": 0.7, "amountg": 0.0007}}, {"model": "diseases.fruit_element", "pk": 98, "fields": {"fruit": 7, "element": 2, "amount": 2.0, "amountg": 2e-06}}, {"model": "diseases.fruit_element", "pk": 99, "fields": {"fruit": 7, "element": 11, "amount": 0.3, "amountg": 0.0003}}, {"model": "diseases.fruit_element", "pk": 100, "fields": {"fruit": 7, "element": 3, "amount": 0.42, "amountg": 0.00042}}, {"model": "diseases.fruit_element", "pk": 101, "fields": {"fruit": 7, "element": 5, "amount": 17.0, "amountg": 0.017}}, {"model": "diseases.fruit_element", "pk": 102, "fields": {"fruit": 7, "element": 14, "amount": 2.0, "amountg": 0.002}}, {"model": "diseases.fruit_element", "pk": 103, "fields": {"fruit": 1, "element": 15, "amount": 28.0, "amountg": 0.028}}, {"model": "diseases.fruit_element", "pk": 104, "fields": {"fruit": 7, "element": 13, "amount": 25.0, "amountg": 2.4999999999999998e-05}}, {"model": "diseases.fruit_element", "pk": 107, "fields": {"fruit": 1, "element": 13, "amount": 6.0, "amountg": 6e-06}}, {"model": "diseases.fruit_element", "pk": 108, "fields": {"fruit": 1, "element": 10, "amount": 87.8, "amountg": 87.8}}, {"model": "diseases.fruit_element", "pk": 111, "fields": {"fruit": 5, "element": 13, "amount": 4.0, "amountg": 4e-06}}, {"model": "diseases.fruit_element", "pk": 112, "fields": {"fruit": 1, "element": 11, "amount": 0.1, "amountg": 0.0001}}, {"model": "diseases.fruit_element", "pk": 113, "fields": {"fruit": 5, "element": 14, "amount": 2.0, "amountg": 0.002}}, {"model": "diseases.fruit_element", "pk": 114, "fields": {"fruit": 5, "element": 15, "amount": 8.0, "amountg": 0.008}}, {"model": "diseases.fruit_element", "pk": 115, "fields": {"fruit": 5, "element": 10, "amount": 85.7, "amountg": 85.7}}, {"model": "diseases.fruit_element", "pk": 116, "fields": {"fruit": 8, "element": 10, "amount": 83.7, "amountg": 83.7}}, {"model": "diseases.fruit_element", "pk": 117, "fields": {"fruit": 8, "element": 7, "amount": 13.5, "amountg": 13.5}}, {"model": "diseases.fruit_element", "pk": 118, "fields": {"fruit": 8, "element": 1, "amount": 1.5, "amountg": 1.5}}, {"model": "diseases.fruit_element", "pk": 119, "fields": {"fruit": 8, "element": 4, "amount": 16.0, "amountg": 0.016}}, {"model": "diseases.fruit_element", "pk": 120, "fields": {"fruit": 8, "element": 6, "amount": 0.4, "amountg": 0.0004}}, {"model": "diseases.fruit_element", "pk": 121, "fields": {"fruit": 8, "element": 2, "amount": 2.0, "amountg": 2e-06}}, {"model": "diseases.fruit_element", "pk": 122, "fields": {"fruit": 8, "element": 11, "amount": 0.1, "amountg": 0.0001}}, {"model": "diseases.fruit_element", "pk": 123, "fields": {"fruit": 8, "element": 14, "amount": 2.0, "amountg": 0.002}}, {"model": "diseases.fruit_element", "pk": 124, "fields": {"fruit": 8, "element": 15, "amount": 21.0, "amountg": 0.021}}, {"model": "diseases.fruit_element", "pk": 125, "fields": {"fruit": 8, "element": 3, "amount": 0.05, "amountg": 5e-05}}, {"model": "diseases.fruit_element", "pk": 126, "fields": {"fruit": 8, "element": 5, "amount": 8.0, "amountg": 0.008}}, {"model": "diseases.fruit_element", "pk": 127, "fields": {"fruit": 8, "element": 13, "amount": 3.0, "amountg": 3e-06}}, {"model": "diseases.fruit_element", "pk": 131, "fields": {"fruit": 9, "element": 10, "amount": 87.6, "amountg": 87.6}}, {"model": "diseases.fruit_element", "pk": 132, "fields": {"fruit": 9, "element": 7, "amount": 5.8, "amountg": 5.8}}, {"model": "diseases.fruit_element", "pk": 133, "fields": {"fruit": 9, "element": 1, "amount": 5.2, "amountg": 5.2}}, {"model": "diseases.fruit_element", "pk": 134, "fields": {"fruit": 9, "element": 4, "amount": 54.0, "amountg": 0.054}}, {"model": "diseases.fruit_element", "pk": 135, "fields": {"fruit": 9, "element": 6, "amount": 0.6, "amountg": 0.0006}}, {"model": "diseases.fruit_element", "pk": 136, "fields": {"fruit": 9, "element": 2, "amount": 2.0, "amountg": 2e-06}}, {"model": "diseases.fruit_element", "pk": 137, "fields": {"fruit": 9, "element": 11, "amount": 0.2, "amountg": 0.0002}}, {"model": "diseases.fruit_element", "pk": 138, "fields": {"fruit": 9, "element": 14, "amount": 1.0, "amountg": 0.001}}, {"model": "diseases.fruit_element", "pk": 139, "fields": {"fruit": 9, "element": 15, "amount": 32.0, "amountg": 0.032}}, {"model": "diseases.fruit_element", "pk": 140, "fields": {"fruit": 9, "element": 3, "amount": 0.14, "amountg": 0.00014000000000000001}}, {"model": "diseases.fruit_element", "pk": 141, "fields": {"fruit": 9, "element": 5, "amount": 273.0, "amountg": 0.273}}, {"model": "diseases.fruit_element", "pk": 142, "fields": {"fruit": 9, "element": 13, "amount": 122.0, "amountg": 0.000122}}, {"model": "diseases.fruit_element", "pk": 143, "fields": {"fruit": 2, "element": 13, "amount": 3.0, "amountg": 3e-06}}, {"model": "diseases.fruit_element", "pk": 144, "fields": {"fruit": 2, "element": 14, "amount": 4.0, "amountg": 0.004}}, {"model": "diseases.fruit_element", "pk": 145, "fields": {"fruit": 2, "element": 15, "amount": 35.0, "amountg": 0.035}}, {"model": "diseases.fruit_element", "pk": 146, "fields": {"fruit": 2, "element": 10, "amount": 85.9, "amountg": 85.9}}, {"model": "diseases.fruit_element", "pk": 147, "fields": {"fruit": 10, "element": 10, "amount": 88.9, "amountg": 88.9}}, {"model": "diseases.fruit_element", "pk": 148, "fields": {"fruit": 10, "element": 7, "amount": 9.0, "amountg": 9.0}}, {"model": "diseases.fruit_element", "pk": 149, "fields": {"fruit": 10, "element": 1, "amount": 1.0, "amountg": 1.0}}, {"model": "diseases.fruit_element", "pk": 150, "fields": {"fruit": 10, "element": 4, "amount": 12.0, "amountg": 0.012}}, {"model": "diseases.fruit_element", "pk": 151, "fields": {"fruit": 10, "element": 6, "amount": 0.4, "amountg": 0.0004}}, {"model": "diseases.fruit_element", "pk": 152, "fields": {"fruit": 10, "element": 2, "amount": 3.0, "amountg": 3e-06}}, {"model": "diseases.fruit_element", "pk": 153, "fields": {"fruit": 10, "element": 11, "amount": 0.1, "amountg": 0.0001}}, {"model": "diseases.fruit_element", "pk": 154, "fields": {"fruit": 10, "element": 14, "amount": 3.0, "amountg": 0.003}}, {"model": "diseases.fruit_element", "pk": 155, "fields": {"fruit": 10, "element": 15, "amount": 16.0, "amountg": 0.016}}, {"model": "diseases.fruit_element", "pk": 156, "fields": {"fruit": 15, "element": 10, "amount": 82.1, "amountg": 82.1}}, {"model": "diseases.fruit_element", "pk": 157, "fields": {"fruit": 15, "element": 7, "amount": 13.8, "amountg": 13.8}}, {"model": "diseases.fruit_element", "pk": 158, "fields": {"fruit": 15, "element": 1, "amount": 2.9, "amountg": 2.9}}, {"model": "diseases.fruit_element", "pk": 159, "fields": {"fruit": 15, "element": 3, "amount": 0.13, "amountg": 0.00013000000000000002}}, {"model": "diseases.fruit_element", "pk": 160, "fields": {"fruit": 15, "element": 5, "amount": 37.0, "amountg": 0.037}}, {"model": "diseases.fruit_element", "pk": 161, "fields": {"fruit": 15, "element": 13, "amount": 300.0, "amountg": 0.0003}}, {"model": "diseases.fruit_element", "pk": 162, "fields": {"fruit": 15, "element": 4, "amount": 12.0, "amountg": 0.012}}, {"model": "diseases.fruit_element", "pk": 163, "fields": {"fruit": 15, "element": 6, "amount": 0.7, "amountg": 0.0007}}, {"model": "diseases.fruit_element", "pk": 164, "fields": {"fruit": 15, "element": 11, "amount": 0.1, "amountg": 0.0001}}, {"model": "diseases.fruit_element", "pk": 165, "fields": {"fruit": 15, "element": 14, "amount": 2.0, "amountg": 0.002}}, {"model": "diseases.fruit_element", "pk": 166, "fields": {"fruit": 15, "element": 15, "amount": 16.0, "amountg": 0.016}}, {"model": "diseases.fruit_element", "pk": 167, "fields": {"fruit": 6, "element": 11, "amount": 0.1, "amountg": 0.0001}}, {"model": "diseases.fruit_element", "pk": 168, "fields": {"fruit": 6, "element": 14, "amount": 14.0, "amountg": 0.014}}, {"model": "diseases.fruit_element", "pk": 169, "fields": {"fruit": 6, "element": 15, "amount": 18.0, "amountg": 0.018000000000000002}}, {"model": "diseases.fruit_element", "pk": 170, "fields": {"fruit": 6, "element": 10, "amount": 92.4, "amountg": 92.4}}, {"model": "diseases.fruit_element", "pk": 171, "fields": {"fruit": 6, "element": 13, "amount": 3.0, "amountg": 3e-06}}, {"model": "diseases.fruit_element", "pk": 172, "fields": {"fruit": 12, "element": 3, "amount": 0.51, "amountg": 0.00051}}, {"model": "diseases.fruit_element", "pk": 173, "fields": {"fruit": 12, "element": 7, "amount": 16.6, "amountg": 16.6}}, {"model": "diseases.fruit_element", "pk": 174, "fields": {"fruit": 12, "element": 1, "amount": 3.4, "amountg": 3.4}}, {"model": "diseases.fruit_element", "pk": 175, "fields": {"fruit": 12, "element": 2, "amount": 2.0, "amountg": 2e-06}}, {"model": "diseases.fruit_element", "pk": 176, "fields": {"fruit": 12, "element": 11, "amount": 0.23, "amountg": 0.00023}}, {"model": "diseases.fruit_element", "pk": 177, "fields": {"fruit": 12, "element": 15, "amount": 28.0, "amountg": 0.028}}, {"model": "diseases.fruit_element", "pk": 178, "fields": {"fruit": 12, "element": 13, "amount": 18.0, "amountg": 1.8e-05}}, {"model": "diseases.fruit_element", "pk": 179, "fields": {"fruit": 12, "element": 5, "amount": 10.0, "amountg": 0.01}}, {"model": "diseases.fruit_element", "pk": 180, "fields": {"fruit": 11, "element": 3, "amount": 0.06, "amountg": 6e-05}}, {"model": "diseases.fruit_element", "pk": 181, "fields": {"fruit": 11, "element": 5, "amount": 50.0, "amountg": 0.05}}, {"model": "diseases.fruit_element", "pk": 182, "fields": {"fruit": 11, "element": 13, "amount": 40.0, "amountg": 3.9999999999999996e-05}}, {"model": "diseases.fruit_element", "pk": 183, "fields": {"fruit": 11, "element": 4, "amount": 36.0, "amountg": 0.036000000000000004}}, {"model": "diseases.fruit_element", "pk": 184, "fields": {"fruit": 12, "element": 4, "amount": 9.0, "amountg": 0.009000000000000001}}, {"model": "diseases.fruit_element", "pk": 185, "fields": {"fruit": 11, "element": 6, "amount": 0.3, "amountg": 0.0003}}, {"model": "diseases.fruit_element", "pk": 186, "fields": {"fruit": 11, "element": 2, "amount": 2.0, "amountg": 2e-06}}, {"model": "diseases.fruit_element", "pk": 187, "fields": {"fruit": 11, "element": 11, "amount": 0.2, "amountg": 0.0002}}, {"model": "diseases.fruit_element", "pk": 188, "fields": {"fruit": 11, "element": 14, "amount": 3.0, "amountg": 0.003}}, {"model": "diseases.fruit_element", "pk": 189, "fields": {"fruit": 11, "element": 15, "amount": 28.0, "amountg": 0.028}}, {"model": "diseases.fruit_element", "pk": 190, "fields": {"fruit": 11, "element": 10, "amount": 88.6, "amountg": 88.6}}, {"model": "diseases.fruit_element", "pk": 191, "fields": {"fruit": 11, "element": 7, "amount": 8.6, "amountg": 8.6}}, {"model": "diseases.fruit_element", "pk": 192, "fields": {"fruit": 11, "element": 1, "amount": 2.0, "amountg": 2.0}}, {"model": "diseases.fruit_element", "pk": 193, "fields": {"fruit": 12, "element": 10, "amount": 75.1, "amountg": 75.1}}, {"model": "diseases.fruit_element", "pk": 194, "fields": {"fruit": 14, "element": 10, "amount": 89.0, "amountg": 89.0}}, {"model": "diseases.fruit_element", "pk": 195, "fields": {"fruit": 14, "element": 7, "amount": 9.0, "amountg": 9.0}}, {"model": "diseases.fruit_element", "pk": 196, "fields": {"fruit": 14, "element": 1, "amount": 1.4, "amountg": 1.4}}, {"model": "diseases.fruit_element", "pk": 197, "fields": {"fruit": 14, "element": 3, "amount": 0.02, "amountg": 2e-05}}, {"model": "diseases.fruit_element", "pk": 198, "fields": {"fruit": 14, "element": 5, "amount": 8.0, "amountg": 0.008}}, {"model": "diseases.fruit_element", "pk": 199, "fields": {"fruit": 14, "element": 13, "amount": 83.0, "amountg": 8.3e-05}}, {"model": "diseases.fruit_element", "pk": 200, "fields": {"fruit": 14, "element": 4, "amount": 8.0, "amountg": 0.008}}, {"model": "diseases.fruit_element", "pk": 201, "fields": {"fruit": 14, "element": 6, "amount": 0.4, "amountg": 0.0004}}, {"model": "diseases.fruit_element", "pk": 202, "fields": {"fruit": 14, "element": 2, "amount": 2.0, "amountg": 2e-06}}, {"model": "diseases.fruit_element", "pk": 203, "fields": {"fruit": 14, "element": 11, "amount": 0.1, "amountg": 0.0001}}, {"model": "diseases.fruit_element", "pk": 204, "fields": {"fruit": 14, "element": 14, "amount": 3.0, "amountg": 0.003}}, {"model": "diseases.fruit_element", "pk": 205, "fields": {"fruit": 14, "element": 15, "amount": 22.0, "amountg": 0.022}}, {"model": "diseases.fruit_element", "pk": 206, "fields": {"fruit": 13, "element": 4, "amount": 12.0, "amountg": 0.012}}, {"model": "diseases.fruit_element", "pk": 207, "fields": {"fruit": 13, "element": 6, "amount": 0.2, "amountg": 0.0002}}, {"model": "diseases.fruit_element", "pk": 208, "fields": {"fruit": 13, "element": 2, "amount": 2.0, "amountg": 2e-06}}, {"model": "diseases.fruit_element", "pk": 209, "fields": {"fruit": 13, "element": 11, "amount": 0.1, "amountg": 0.0001}}, {"model": "diseases.fruit_element", "pk": 210, "fields": {"fruit": 13, "element": 14, "amount": 2.0, "amountg": 0.002}}, {"model": "diseases.fruit_element", "pk": 211, "fields": {"fruit": 13, "element": 15, "amount": 18.0, "amountg": 0.018000000000000002}}, {"model": "diseases.fruit_element", "pk": 212, "fields": {"fruit": 13, "element": 10, "amount": 86.7, "amountg": 86.7}}, {"model": "diseases.fruit_element", "pk": 213, "fields": {"fruit": 13, "element": 7, "amount": 10.6, "amountg": 10.6}}, {"model": "diseases.fruit_element", "pk": 214, "fields": {"fruit": 13, "element": 1, "amount": 2.3, "amountg": 2.3}}, {"model": "diseases.fruit_element", "pk": 215, "fields": {"fruit": 13, "element": 3, "amount": 0.02, "amountg": 2e-05}}, {"model": "diseases.fruit_element", "pk": 216, "fields": {"fruit": 13, "element": 13, "amount": 10.0, "amountg": 9.999999999999999e-06}}, {"model": "diseases.fruit_element", "pk": 217, "fields": {"fruit": 4, "element": 10, "amount": 86.8, "amountg": 86.8}}, {"model": "diseases.fruit_element", "pk": 218, "fields": {"fruit": 4, "element": 3, "amount": 0.09, "amountg": 8.999999999999999e-05}}, {"model": "diseases.fruit_element", "pk": 219, "fields": {"fruit": 4, "element": 13, "amount": 13.0, "amountg": 1.3e-05}}, {"model": "diseases.fruit_element", "pk": 220, "fields": {"fruit": 4, "element": 11, "amount": 0.2, "amountg": 0.0002}}, {"model": "diseases.fruit_element", "pk": 221, "fields": {"fruit": 4, "element": 14, "amount": 2.0, "amountg": 0.002}}, {"model": "diseases.fruit_element", "pk": 222, "fields": {"fruit": 4, "element": 15, "amount": 11.0, "amountg": 0.011}}, {"model": "diseases.fruit_element", "pk": 223, "fields": {"fruit": 3, "element": 11, "amount": 0.1, "amountg": 0.0001}}, {"model": "diseases.fruit_element", "pk": 224, "fields": {"fruit": 3, "element": 14, "amount": 2.0, "amountg": 0.002}}, {"model": "diseases.fruit_element", "pk": 225, "fields": {"fruit": 3, "element": 15, "amount": 26.0, "amountg": 0.026000000000000002}}, {"model": "diseases.fruit_element", "pk": 226, "fields": {"fruit": 3, "element": 13, "amount": 1.0, "amountg": 1e-06}}, {"model": "diseases.fruit_element", "pk": 227, "fields": {"fruit": 3, "element": 10, "amount": 89.6, "amountg": 89.6}}, {"model": "diseases.fruit_element", "pk": 228, "fields": {"fruit": 16, "element": 10, "amount": 87.0, "amountg": 87.0}}, {"model": "diseases.fruit_element", "pk": 229, "fields": {"fruit": 16, "element": 7, "amount": 4.6, "amountg": 4.6}}, {"model": "diseases.fruit_element", "pk": 230, "fields": {"fruit": 16, "element": 1, "amount": 6.7, "amountg": 6.7}}, {"model": "diseases.fruit_element", "pk": 231, "fields": {"fruit": 16, "element": 4, "amount": 25.0, "amountg": 0.025}}, {"model": "diseases.fruit_element", "pk": 232, "fields": {"fruit": 16, "element": 6, "amount": 0.7, "amountg": 0.0007}}, {"model": "diseases.fruit_element", "pk": 233, "fields": {"fruit": 16, "element": 11, "amount": 0.3, "amountg": 0.0003}}, {"model": "diseases.fruit_element", "pk": 234, "fields": {"fruit": 16, "element": 14, "amount": 3.0, "amountg": 0.003}}, {"model": "diseases.fruit_element", "pk": 235, "fields": {"fruit": 16, "element": 15, "amount": 31.0, "amountg": 0.031}}, {"model": "diseases.fruit_element", "pk": 236, "fields": {"fruit": 16, "element": 3, "amount": 0.06, "amountg": 6e-05}}, {"model": "diseases.fruit_element", "pk": 237, "fields": {"fruit": 16, "element": 5, "amount": 32.0, "amountg": 0.032}}, {"model": "diseases.fruit_element", "pk": 238, "fields": {"fruit": 16, "element": 13, "amount": 1.0, "amountg": 1e-06}}, {"model": "diseases.fruit_element", "pk": 239, "fields": {"fruit": 10, "element": 3, "amount": 0.11, "amountg": 0.00011}}, {"model": "diseases.fruit_element", "pk": 240, "fields": {"fruit": 10, "element": 5, "amount": 50.0, "amountg": 0.05}}, {"model": "diseases.fruit_element", "pk": 241, "fields": {"fruit": 10, "element": 13, "amount": 2.0, "amountg": 2e-06}}]